{"stats":{"minecraft:broken":{"minecraft:stone_pickaxe":2},"minecraft:picked_up":{"minecraft:crafting_table":3,"minecraft:feather":3,"minecraft:chicken":3,"minecraft:jungle_log":4,"minecraft:andesite":8,"minecraft:wooden_pickaxe":1,"minecraft:oak_log":11,"minecraft:dirt":20,"minecraft:iron_ore":24,"minecraft:egg":1,"minecraft:furnace":2,"minecraft:stick":2,"minecraft:torch":18,"minecraft:porkchop":7,"minecraft:diorite":5,"minecraft:rotten_flesh":4,"minecraft:granite":8,"minecraft:mutton":5,"minecraft:coal":96,"minecraft:white_wool":4,"minecraft:cobblestone":205},"minecraft:used":{"minecraft:cooked_mutton":3,"minecraft:diorite":5,"minecraft:stone_pickaxe":353,"minecraft:chest":1,"minecraft:wooden_pickaxe":3,"minecraft:cooked_chicken":3,"minecraft:torch":35,"minecraft:dirt":20,"minecraft:crafting_table":4,"minecraft:white_bed":1,"minecraft:wooden_axe":25,"minecraft:stone_axe":34,"minecraft:cobblestone":185,"minecraft:furnace":3},"minecraft:dropped":{"minecraft:stick":1,"minecraft:wooden_pickaxe":1},"minecraft:crafted":{"minecraft:oak_planks":44,"minecraft:cooked_porkchop":7,"minecraft:crafting_table":1,"minecraft:wooden_pickaxe":1,"minecraft:cooked_chicken":3,"minecraft:furnace":1,"minecraft:stone_axe":1,"minecraft:cooked_mutton":5,"minecraft:air":0,"minecraft:jungle_planks":16,"minecraft:stick":32,"minecraft:iron_ingot":8,"minecraft:iron_pickaxe":1,"minecraft:stone_pickaxe":3,"minecraft:wooden_axe":1,"minecraft:chest":1,"minecraft:white_bed":1,"minecraft:torch":68},"minecraft:mined":{"minecraft:jungle_leaves":7,"minecraft:crafting_table":3,"minecraft:torch":4,"minecraft:granite":8,"minecraft:jungle_log":4,"minecraft:cobblestone":7,"minecraft:diorite":5,"minecraft:wall_torch":5,"minecraft:furnace":2,"minecraft:iron_ore":24,"minecraft:andesite":8,"minecraft:grass":2,"minecraft:coal_ore":96,"minecraft:oak_log":11,"minecraft:vine":2,"minecraft:dirt":20,"minecraft:stone":198,"minecraft:oak_leaves":2,"minecraft:infested_stone":2,"minecraft:fern":1},"minecraft:killed":{"minecraft:pig":4,"minecraft:sheep":4,"minecraft:zombie":5,"minecraft:chicken":3},"minecraft:custom":{"minecraft:interact_with_furnace":16,"minecraft:mob_kills":16,"minecraft:interact_with_crafting_table":15,"minecraft:play_one_minute":38959,"minecraft:leave_game":3,"minecraft:time_since_death":38959,"minecraft:climb_one_cm":2991,"minecraft:time_since_rest":38959,"minecraft:sprint_one_cm":59968,"minecraft:damage_taken":430,"minecraft:walk_one_cm":59755,"minecraft:drop":2,"minecraft:damage_dealt":1821,"minecraft:swim_one_cm":313,"minecraft:fly_one_cm":62373,"minecraft:open_chest":4,"minecraft:crouch_one_cm":20056,"minecraft:sneak_time":6683,"minecraft:walk_under_water_one_cm":236,"minecraft:jump":689,"minecraft:walk_on_water_one_cm":3306,"minecraft:fall_one_cm":16142}},"DataVersion":2586}