{"stats":{"minecraft:used":{"minecraft:wooden_axe":4,"minecraft:dirt":5,"minecraft:crafting_table":1,"minecraft:wooden_pickaxe":24},"minecraft:picked_up":{"minecraft:stick":2,"minecraft:wheat_seeds":1,"minecraft:oak_log":4,"minecraft:oak_planks":16,"minecraft:dirt":9,"minecraft:cobblestone":22},"minecraft:crafted":{"minecraft:oak_planks":16,"minecraft:crafting_table":1,"minecraft:stick":12,"minecraft:stone_pickaxe":1,"minecraft:wooden_pickaxe":1,"minecraft:wooden_axe":1},"minecraft:mined":{"minecraft:grass":7,"minecraft:grass_block":3,"minecraft:oak_log":4,"minecraft:dirt":2,"minecraft:tall_grass":1,"minecraft:stone":22,"minecraft:oak_leaves":5},"minecraft:custom":{"minecraft:time_since_rest":12161,"minecraft:play_one_minute":12161,"minecraft:crouch_one_cm":319,"minecraft:sprint_one_cm":12119,"minecraft:damage_taken":100,"minecraft:walk_one_cm":15971,"minecraft:sneak_time":288,"minecraft:jump":109,"minecraft:damage_dealt":104,"minecraft:leave_game":3,"minecraft:time_since_death":12161,"minecraft:walk_on_water_one_cm":1801,"minecraft:player_kills":1,"minecraft:interact_with_crafting_table":2,"minecraft:fall_one_cm":3220,"minecraft:fly_one_cm":19582}},"DataVersion":2586}