{"stats":{"minecraft:used":{"minecraft:oak_log":3,"minecraft:stone_pickaxe":43,"minecraft:oak_button":1,"minecraft:oak_planks":2,"minecraft:wooden_pickaxe":3,"minecraft:mutton":7,"minecraft:sand":2,"minecraft:dirt":5,"minecraft:cobblestone":6,"minecraft:beef":1,"minecraft:crafting_table":1,"minecraft:porkchop":3},"minecraft:custom":{"minecraft:time_since_rest":10971,"minecraft:sprint_one_cm":45693,"minecraft:damage_taken":503,"minecraft:walk_one_cm":94381,"minecraft:mob_kills":10,"minecraft:drop":5,"minecraft:damage_dealt":1016,"minecraft:swim_one_cm":341,"minecraft:interact_with_crafting_table":2,"minecraft:fly_one_cm":74593,"minecraft:crouch_one_cm":109,"minecraft:play_one_minute":19816,"minecraft:deaths":1,"minecraft:sneak_time":26,"minecraft:walk_under_water_one_cm":55,"minecraft:jump":587,"minecraft:leave_game":2,"minecraft:walk_on_water_one_cm":524,"minecraft:time_since_death":10942,"minecraft:fall_one_cm":13995},"minecraft:killed":{"minecraft:sheep":8,"minecraft:pig":1,"minecraft:cow":1},"minecraft:dropped":{"minecraft:wheat_seeds":2,"minecraft:sunflower":1,"minecraft:wooden_pickaxe":1,"minecraft:stick":1},"minecraft:crafted":{"minecraft:oak_planks":36,"minecraft:crafting_table":1,"minecraft:stick":8,"minecraft:wooden_pickaxe":1,"minecraft:stone_pickaxe":1,"minecraft:oak_button":1,"minecraft:torch":8},"minecraft:picked_up":{"minecraft:stick":1,"minecraft:crafting_table":2,"minecraft:porkchop":3,"minecraft:sand":2,"minecraft:oak_log":22,"minecraft:dirt":6,"minecraft:wheat_seeds":3,"minecraft:beef":2,"minecraft:stone_pickaxe":1,"minecraft:black_wool":1,"minecraft:mutton":10,"minecraft:coal":2,"minecraft:white_wool":7,"minecraft:cobblestone":11,"minecraft:sunflower":1},"minecraft:mined":{"minecraft:crafting_table":1,"minecraft:grass":36,"minecraft:grass_block":10,"minecraft:oak_log":22,"minecraft:coal_ore":2,"minecraft:sunflower":1,"minecraft:sand":2,"minecraft:dirt":7,"minecraft:tall_grass":4,"minecraft:stone":6,"minecraft:oak_leaves":5},"minecraft:killed_by":{"minecraft:player":1}},"DataVersion":2586}