{"stats":{"minecraft:used":{"minecraft:stone_pickaxe":18,"minecraft:oak_button":1,"minecraft:wooden_pickaxe":3,"minecraft:dirt":2,"minecraft:cobblestone":6,"minecraft:crafting_table":1},"minecraft:picked_up":{"minecraft:stick":1,"minecraft:crafting_table":2,"minecraft:oak_log":7,"minecraft:dirt":3,"minecraft:wheat_seeds":1,"minecraft:stone_pickaxe":1,"minecraft:coal":2,"minecraft:cobblestone":11},"minecraft:dropped":{"minecraft:wheat_seeds":1,"minecraft:wooden_pickaxe":1,"minecraft:stick":1},"minecraft:crafted":{"minecraft:oak_planks":28,"minecraft:crafting_table":1,"minecraft:stick":8,"minecraft:wooden_pickaxe":1,"minecraft:stone_pickaxe":1,"minecraft:oak_button":1,"minecraft:torch":8},"minecraft:mined":{"minecraft:crafting_table":1,"minecraft:grass":10,"minecraft:grass_block":5,"minecraft:coal_ore":2,"minecraft:oak_log":7,"minecraft:dirt":7,"minecraft:tall_grass":1,"minecraft:stone":6},"minecraft:custom":{"minecraft:time_since_rest":972,"minecraft:sprint_one_cm":28898,"minecraft:damage_taken":298,"minecraft:walk_one_cm":31789,"minecraft:drop":3,"minecraft:damage_dealt":165,"minecraft:interact_with_crafting_table":2,"minecraft:fly_one_cm":40042,"minecraft:crouch_one_cm":109,"minecraft:play_one_minute":9817,"minecraft:deaths":1,"minecraft:sneak_time":26,"minecraft:jump":259,"minecraft:leave_game":1,"minecraft:time_since_death":943,"minecraft:fall_one_cm":6147},"minecraft:killed_by":{"minecraft:player":1}},"DataVersion":2586}